Country,Game,CloseTime,ResultTime
🇱🇦 ลาว,🇱🇦 ลาว EXTRA,2025-09-20 08:25,2025-09-20 08:30
🇱🇦 ลาว,🇱🇦 ลาว TV,2025-09-20 10:20,2025-09-20 10:30
🇱🇦 ลาว,🇱🇦 ลาวพิเศษ,2025-09-20 11:55,2025-09-20 12:00
🇱🇦 ลาว,🇱🇦 ลาว HD,2025-09-20 13:40,2025-09-20 13:45
🇱🇦 ลาว,🇱🇦 ลาวสตาร์,2025-09-20 15:40,2025-09-20 15:45
🇱🇦 ลาว,🇱🇦 ลาวสามัคคี,2025-09-20 20:20,2025-09-20 20:30
🇱🇦 ลาว,🇱🇦 ลาวอาเซียน,2025-09-20 20:55,2025-09-20 21:00
🇱🇦 ลาว,🇱🇦 ลาว VIP,2025-09-20 21:20,2025-09-20 21:30
🇱🇦 ลาว,🇱🇦 ลาว STAR VIP,2025-09-20 21:45,2025-09-20 22:00
🇱🇦 ลาว,🇱🇦 ลาวกาชาด,2025-09-20 23:25,2025-09-20 23:30
🇱🇦 ลาว,🇱🇦 ลาวดาว,2025-09-20 23:25,2025-09-20 23:30
🇻🇳 เวียดนาม,🇻🇳 ฮานอยอาเซียน,2025-09-20 09:10,2025-09-20 09:30
🇻🇳 เวียดนาม,🇻🇳 ฮานอย HD,2025-09-20 11:10,2025-09-20 11:30
🇻🇳 เวียดนาม,🇻🇳 ฮานอยสตาร์,2025-09-20 12:10,2025-09-20 12:30
🇻🇳 เวียดนาม,🇻🇳 ฮานอย TV,2025-09-20 14:10,2025-09-20 14:30
🇻🇳 เวียดนาม,🇻🇳 ฮานอยกาฬาต,2025-09-20 16:10,2025-09-20 16:30
🇻🇳 เวียดนาม,🇻🇳 ฮานอยพิเศษ,2025-09-20 17:10,2025-09-20 17:30
🇻🇳 เวียดนาม,🇻🇳 ฮานอยปกติ,2025-09-20 18:10,2025-09-20 18:30
🇻🇳 เวียดนาม,🇻🇳 ฮานอย VIP,2025-09-20 19:05,2025-09-20 19:30
🇻🇳 เวียดนาม,🇻🇳 ฮานอยรอบดึก,2025-09-20 22:10,2025-09-20 22:30
🇻🇳 เวียดนาม,🇻🇳 ฮานอย EXTRA,2025-09-20 22:10,2025-09-20 22:30
🇯🇵 ญี่ปุ่น,🇯🇵 นิเคอิเช้า VIP,2025-09-20 09:00,2025-09-20 09:05
🇯🇵 ญี่ปุ่น,🇯🇵 นิเคอิบ่าย VIP,2025-09-20 13:20,2025-09-20 13:35
🇨🇳 จีน,🇨🇳 จีนเช้า VIP,2025-09-20 10:00,2025-09-20 10:05
🇨🇳 จีน,🇨🇳 จีนบ่าย VIP,2025-09-20 14:20,2025-09-20 14:25
🇸🇬 สิงคโปร์,🇸🇬 สิงคโปร์เช้า VIP,2025-09-20 10:30,2025-09-20 10:35
🇸🇬 สิงคโปร์,🇸🇬 สิงคโปร์บ่าย VIP,2025-09-20 15:20,2025-09-20 15:25
🇹🇼 ไต้หวัน,🇹🇼 ไต้หวัน VIP,2025-09-20 11:30,2025-09-20 11:35
🇰🇷 เกาหลี,🇰🇷 เกาหลี VIP,2025-09-20 12:30,2025-09-20 12:35
🇬🇧 อังกฤษ,🇬🇧 อังกฤษ VIP,2025-09-20 21:45,2025-09-20 21:50
🇩🇪 เยอรมัน,🇩🇪 เยอรมัน VIP,2025-09-20 22:45,2025-09-20 22:50
🇷🇺 รัสเซีย,🇷🇺 รัสเซีย VIP,2025-09-20 23:45,2025-09-20 23:50
🇺🇸 สหรัฐอเมริกา,🇺🇸 ดาวโจนส์ USA,2025-09-21 00:05,2025-09-21 00:30
🇺🇸 สหรัฐอเมริกา,🇺🇸 ดาวโจนส์ VIP,2025-09-21 00:10,2025-09-21 00:30
🇺🇸 สหรัฐอเมริกา,🇺🇸 ดาวโจนส์ Star,2025-09-21 00:30,2025-09-21 01:30
